{
    "accuracy": 0.9870327993897788,
    "classification_report": {
        "glioma": {
            "precision": 0.9900662251655629,
            "recall": 0.9966666666666667,
            "f1-score": 0.9933554817275747,
            "support": 300.0
        },
        "meningioma": {
            "precision": 0.9833333333333333,
            "recall": 0.9640522875816994,
            "f1-score": 0.9735973597359736,
            "support": 306.0
        },
        "notumor": {
            "precision": 0.9877149877149877,
            "recall": 0.9925925925925926,
            "f1-score": 0.9901477832512315,
            "support": 405.0
        },
        "pituitary": {
            "precision": 0.9867549668874173,
            "recall": 0.9933333333333333,
            "f1-score": 0.9900332225913622,
            "support": 300.0
        },
        "accuracy": 0.9870327993897788,
        "macro avg": {
            "precision": 0.9869673782753252,
            "recall": 0.9866612200435729,
            "f1-score": 0.9867834618265355,
            "support": 1311.0
        },
        "weighted avg": {
            "precision": 0.9870106236769368,
            "recall": 0.9870327993897788,
            "f1-score": 0.9869925671942317,
            "support": 1311.0
        }
    },
    "confusion_matrix": [
        [
            299,
            1,
            0,
            0
        ],
        [
            2,
            295,
            5,
            4
        ],
        [
            0,
            3,
            402,
            0
        ],
        [
            1,
            1,
            0,
            298
        ]
    ]
}